{"cameraMode":{"drawMode":0,"name":"Shaded","section":"Shading Mode"},"sceneLighting":true,"audioPlay":false,"sceneViewState":{"m_AlwaysRefresh":false,"showFog":true,"showSkybox":true,"showFlares":true,"showImageEffects":true,"showParticleSystems":true,"showVisualEffectGraphs":true,"m_FxEnabled":true},"in2DMode":false,"pivot":{"x":-0.9996092319488525,"y":0.4429619312286377,"z":0.5207027196884155},"rotation":{"x":0.15458112955093385,"y":0.30906230211257937,"z":-0.05098693072795868,"w":0.9370107054710388},"size":0.8042318820953369,"orthographic":false}